source,target
2011551841,1998327661
2011551841,2048128407
1978602984,2011551841
2010502171,2011551841
2010502171,1978602984
2010502171,1978845392
2010502171,1964697192
2010502171,2118803519
2010502171,2038220201
2010502171,1968506954
2083281122,2202777762
2083281122,2083511573
2047834271,2145257659
1998327661,2048128407
1998327661,1496823833
1998327661,2140558412
1998327661,2095105537
1998327661,2006477706
1998327661,2017798011
1998327661,2064294724
2164345547,1978845392
2164345547,1513488900
2164345547,2028089885
2164345547,2006825277
2164345547,2010606670
2164345547,2029192158
2287166047,1504183433
2287166047,1991238184
2074471048,1798489336
2091460873,2083281122
2091460873,2202777762
2091460873,1798489336
2091460873,1990868684
2049496821,2164345547
2049496821,1978845392
2049496821,2091294729
2049496821,2157716938
2049496821,2028089885
2142566733,1998327661
2142566733,2140558412
2142566733,2186417974
2050776140,2164345547
2050776140,1978845392
2050776140,2091294729
2050776140,1497653339
2050776140,2006825277
1978845392,1513488900
1978845392,1497653339
1978845392,2148982690
1978845392,2043310452
1978845392,2038220201
2043002852,2018297962
2043002852,2157716938
2043002852,2073691881
2043002852,2030715167
2048128407,2118803519
2048128407,2006477706
2058105619,1513488900
2058105619,2028089885
2058105619,2148982690
2058105619,2010606670
2058105619,1973049152
2058105619,2042456470
2058105619,2048487042
2058105619,2029192158
2129493656,2011551841
2129493656,2010502171
2129493656,1998327661
2129493656,2291076239
2129493656,1971492509
2129493656,1964697192
2129493656,2093468690
2129493656,2095105537
2129493656,2007351065
2129493656,1972313293
2129493656,2317124916
2278448846,2083281122
2278448846,2091460873
2278448846,2202777762
2278448846,1798489336
2037028543,1916920390
2037028543,1600278610
2037028543,2320121120
1968999285,2043002852
1968999285,2101953912
1968999285,2023375984
1968999285,1913732766
1968999285,2018297962
1968999285,1609821603
1968999285,2060133927
1968999285,1540377832
1968999285,1880836256
1968999285,2029890934
1968999285,1580987700
1968999285,2098526008
2101953912,2125856335
2140558412,9402541
1932582440,2011551841
1932582440,2091460873
1932582440,1798489336
1932582440,2278448846
1932582440,2470067090
864372470,1968999285
864372470,2101953912
864372470,1555700134
864372470,1913732766
864372470,1609821603
864372470,1545519422
864372470,2081497821
864372470,1540377832
864372470,1880836256
864372470,2089705972
864372470,2029890934
864372470,2045381284
864372470,2106652097
864372470,2060948559
864372470,1983558151
864372470,2083122172
1989837633,1991893215
2046416906,1989837633
2046416906,2004638404
2046416906,2118955670
2046416906,2068580990
2046416906,2087375155
2046416906,2086871164
2046416906,2059580680
2046416906,2074039810
2046416906,2127229172
2046416906,1974264916
2150509498,2164345547
2150509498,2157716938
2023375984,2047834271
2023375984,2101953912
2023375984,2004638404
2023375984,1966001053
1978554866,2093697299
1978554866,2077502906
2004638404,2083281122
2004638404,2202777762
2004638404,2043002852
2004638404,2037028543
2004638404,1989837633
2004638404,1996922388
2004638404,2071719485
2004638404,2083197550
2004638404,201224041
2004638404,2018297962
2004638404,2081744794
2004638404,2118955670
2004638404,1972427274
2004638404,1967892600
2004638404,2083511573
2004638404,2017167989
2004638404,1916920390
2004638404,2005426878
2004638404,1966001053
2004638404,1997575625
2004638404,2073764051
2004638404,2069152987
2004638404,2023573580
2004638404,2037542203
2004638404,2471613662
2004638404,2128940261
2004638404,2247189989
2042474989,2083281122
2042474989,1504183433
2042474989,2091460873
2042474989,2202777762
2042474989,1798489336
2042474989,2278448846
2042474989,1545072659
2042474989,2033472262
2042474989,1997575625
2042474989,2073858706
2091294729,2164345547
2091294729,1513488900
2091294729,2052351095
2091294729,2016685829
2091294729,2082358101
2091294729,2043153484
1996922388,2202777762
1996922388,2007351065
2080058192,1504183433
2080058192,1623899554
2080058192,175056903
2296421709,1991238184
2296421709,1555700134
2296421709,2073163184
2296421709,1254409997
2296421709,2116714053
1971492509,2095105537
1971492509,2082358101
1971492509,1973049152
1971492509,2053563089
2086349579,2164345547
2086349579,2202777762
2086349579,2037028543
2086349579,2083197550
2086349579,2018297962
2086349579,2083511573
2086349579,1600278610
2086349579,2043310452
2086349579,2073691881
2086349579,2030715167
2086349579,2326820390
2086349579,2119181641
2086349579,40395757
1530993534,2064675821
2089919337,1998327661
2089919337,2291076239
2089919337,2048128407
2089919337,1496823833
2071719485,1504183433
2071719485,2043002852
2071719485,2058105619
2071719485,1996922388
2071719485,1990868684
2071719485,1972427274
2071719485,1993243599
2071719485,1530780495
2071719485,2005426878
2071719485,2132441697
2071719485,2069152987
2071719485,2486563308
2071719485,2006120655
1991238184,2078123721
1991238184,2085760485
2083197550,2037028543
2083197550,1916920390
2083197550,1600278610
2083197550,2299529876
2083197550,2078123721
2083197550,2047523721
1555700134,2101953912
1555700134,2071719485
1555700134,1254409997
1555700134,86252855
2587918125,1998327661
2587918125,2142566733
2587918125,2291076239
2587918125,2048128407
2587918125,2129493656
2510951086,2010502171
2510951086,2142566733
2510951086,2046416906
2510951086,2127229172
2057414382,2083281122
2057414382,2074471048
2057414382,2278448846
2057414382,2042474989
2057414382,2012938189
2057414382,2017167989
2057414382,2008235313
201224041,2037028543
201224041,2018297962
201224041,1916920390
201224041,1600278610
201224041,2320121120
201224041,1978606873
1913732766,1983558151
1913732766,2313038701
1913732766,2083122172
1913732766,2328769150
1834220646,1496823833
2018297962,1916920390
2018297962,2320121120
1545072659,2083281122
1545072659,2091460873
1545072659,2202777762
1545072659,1798489336
1545072659,2278448846
1545072659,2033472262
1545072659,2013626527
1545072659,2095112144
2501556412,1530993534
2064106118,1978845392
2064106118,1623899554
2064106118,1481905924
2064106118,2083511573
2064106118,2086871164
2064106118,1990453689
2064106118,1940182112
2064106118,2023360712
2064106118,1972313293
2064106118,2094008368
2064106118,2045381284
2064106118,2209635738
2064106118,2080276144
2064106118,1565635388
2064106118,391919516
2064106118,2029878653
2064106118,279359556
2064106118,2615703733
2064106118,31648654
1609821603,1983558151
1609821603,2313038701
1609821603,2083122172
1609821603,2328769150
1990868684,1798489336
1990868684,2043002852
1990868684,1996922388
1990868684,2083197550
1990868684,2030715167
1990868684,2120571145
2281893911,1978602984
2281893911,1834220646
2118955670,1504183433
2118955670,1623899554
2118955670,2018297962
2118955670,735113
2118955670,2071307264
2118955670,2340115408
2118955670,1991387883
2118955670,1497594539
2118955670,1817915296
2118955670,776219316
2118955670,1494133783
2060133927,1504183433
2060133927,2043002852
2060133927,1989837633
2060133927,2004638404
2060133927,1996922388
2060133927,2086349579
2060133927,2018297962
2060133927,2155545446
2060133927,2059580680
2060133927,2081497821
2060133927,2005426878
2060133927,1974264916
2060133927,2026890993
2060133927,2340115408
2147809505,2043002852
2147809505,1996922388
2147809505,2086349579
2147809505,2060133927
2147809505,2087375155
2147809505,1989914450
2147809505,1974264916
2147809505,2026890993
2147809505,1565635388
2147809505,33876368
2159075000,2047834271
2525702006,1762143295
1997841652,1504183433
1997841652,1989837633
1997841652,2004638404
1997841652,1996922388
1997841652,1971492509
1997841652,2086349579
1997841652,2018297962
1997841652,2086871164
1997841652,2081497821
1997841652,1990453689
1997841652,1513787087
1997841652,1989914450
1997841652,1974264916
1997841652,2026890993
1997841652,2085760485
1997841652,2025377269
2068580990,1964697192
2068580990,2129428187
2068580990,735113
2068580990,1965300569
1966654499,2150509498
1966654499,2093468690
1966654499,1999741657
1966654499,1977405945
1966654499,2082358101
1966654499,149740744
2157716938,2164345547
2157716938,1978845392
2157716938,2028089885
2157716938,2470188881
1972427274,2037028543
1972427274,1623899554
1972427274,1996922388
1972427274,2106652097
1972427274,1983558151
1972427274,2083122172
2027322285,2083281122
2027322285,2091460873
2027322285,1798489336
2027322285,1584092637
2027322285,2278448846
2027322285,1932582440
2027322285,1545072659
2027322285,2470067090
2090719792,1919207672
2074665709,1978845392
2074665709,1971492509
2074665709,1964697192
2074665709,2082358101
2074665709,1973049152
2074665709,2120199758
1983754633,2140558412
2087375155,2043002852
2087375155,1989837633
2087375155,2004638404
2087375155,1996922388
2087375155,2086349579
2087375155,2083197550
2087375155,2118955670
2087375155,2060133927
2087375155,2068580990
2087375155,2086871164
2087375155,2081497821
2087375155,2021984623
2087375155,1990453689
2087375155,2005426878
2087375155,2071043271
2087375155,1974264916
2087375155,33876368
1967892600,2083281122
1967892600,2202777762
1967892600,2033472262
1993243599,1964697192
1993243599,1966625611
1993243599,2247189989
1991893215,2043002852
1991893215,2037028543
1991893215,1623899554
1991893215,1996922388
1991893215,2086349579
1991893215,2083197550
1991893215,201224041
1991893215,2018297962
1991893215,2081497821
1991893215,1801182092
1991893215,2073691881
1991893215,2053204079
1991893215,2320121120
1991893215,2078123721
1991893215,2183842639
2052351095,2148982690
1985496542,2010502171
1985496542,2005426878
1985496542,2073858706
1985496542,1974657071
1985496542,2012765458
2155545446,1993243599
1989682539,2018297962
1989682539,1530780495
2106351948,1986534301
1859986355,1504183433
1859986355,2129493656
1859986355,864372470
1859986355,1989837633
1859986355,2042474989
1859986355,1996922388
1859986355,2086349579
1859986355,2089919337
1859986355,2071719485
1859986355,2018297962
1859986355,2118955670
1859986355,2060133927
1859986355,1997841652
1859986355,1972427274
1859986355,2087375155
1859986355,2155545446
1859986355,2073163184
1859986355,2017167989
1859986355,2074039810
1859986355,2039824329
1859986355,2017313399
1859986355,2073764051
1859986355,1989914450
1859986355,2014439803
1859986355,2045381284
1859986355,2091121559
1859986355,1978440168
1859986355,391919516
2012938189,2083281122
2012938189,2074471048
2012938189,2202777762
2012938189,1966001053
2012938189,2025333233
2155857951,2058105619
2155857951,2052351095
2155857951,2129428187
2155857951,2016685829
2155857951,2043841568
2155857951,2170059286
2155857951,1973049152
2155857951,2088117221
2155857951,2133550526
2155857951,2048487042
2155857951,2169676896
2073163184,40619706
2073163184,640388030
2073163184,2071719485
2073163184,2141767691
2073163184,1254409997
2073163184,2053204079
2497468488,1968999285
2497468488,2101953912
2497468488,864372470
2497468488,2023375984
2497468488,2296421709
2497468488,1555700134
2497468488,1913732766
2497468488,1859986355
2497468488,1971256359
2497468488,1540377832
2497468488,1880836256
2497468488,2089705972
2497468488,2091121559
2497468488,2125856335
2497468488,2083122172
2497468488,2106625025
2086871164,1964697192
2086871164,2083511573
2086871164,2073691881
2086871164,2007351065
2086871164,2305136657
2086871164,2119181641
2086871164,2047827914
2017167989,2083281122
2017167989,2202777762
2017167989,2083511573
2017167989,1997575625
2018601649,2164345547
2018601649,1504183433
2018601649,2043002852
2018601649,2048128407
2018601649,1513488900
2018601649,1964697192
2018601649,2068580990
2018601649,2157716938
2018601649,1497653339
2018601649,2155545446
2018601649,735113
2018601649,2133550526
2018601649,2471613662
2018601649,2120571145
2018601649,1497594539
2081497821,1993243599
2081497821,1966625611
2081497821,2305136657
2059580680,2043002852
2059580680,1989837633
2059580680,2086349579
2059580680,1991893215
2059580680,2081497821
2059580680,1513787087
2059580680,2026890993
2093651953,2091460873
2093651953,1798489336
2093651953,1584092637
2093651953,2278448846
2093651953,1932582440
2093651953,2025333233
2074039810,2043002852
2074039810,1989837633
2074039810,1623899554
2074039810,2004638404
2074039810,1996922388
2074039810,2086349579
2074039810,2018297962
2074039810,2060133927
2074039810,2147809505
2074039810,1997841652
2074039810,2087375155
2074039810,2086871164
2074039810,2059580680
2074039810,2021984623
2074039810,2073764051
2074039810,2045381284
2074039810,2060948559
2074039810,2148089768
2074039810,33876368
1600278610,1916920390
1600278610,2562224889
2127229172,2011551841
2127229172,2142566733
2127229172,2087375155
2091769082,2016685829
2021984623,2043002852
2021984623,2155545446
2021984623,2132441697
1990453689,1972313293
1990453689,391919516
1990453689,2029878653
1996648577,2074471048
1996648577,2043002852
1996648577,2004638404
1996648577,1996922388
1996648577,2080058192
1996648577,2064106118
1996648577,1990868684
1996648577,2086871164
1996648577,2074039810
1996648577,1990453689
1996648577,1971256359
1996648577,1972313293
1996648577,2060948559
1996648577,2080892231
1996648577,2023573580
1996648577,2080276144
1996648577,2064182806
1996648577,2148089768
1996648577,1984256151
1996648577,2241619111
2553066784,40619706
2553066784,1978845392
2553066784,1968999285
2553066784,864372470
2553066784,1555700134
2553066784,1913732766
2553066784,1609821603
2553066784,2087375155
2553066784,1859986355
2553066784,2081497821
2553066784,2016685829
2553066784,2045381284
2553066784,2060948559
2553066784,2313038701
2470067090,1798489336
2470067090,1997575625
1996716416,2083281122
1996716416,1504183433
1996716416,2091460873
1996716416,2202777762
1996716416,2278448846
1996716416,2086349579
1996716416,1967892600
1996716416,2017167989
1996716416,2033472262
1996716416,2013626527
1996716416,1966001053
1996716416,2041040063
1996716416,2025333233
1971256359,1555700134
1971256359,1609821603
1971256359,1545519422
1971256359,1540377832
1971256359,1880836256
1971256359,1580987700
1971256359,2106652097
1971256359,1966625611
1971256359,2241619111
1971256359,86252855
1971256359,2035436902
2129428187,1964697192
2129428187,2026838648
2129428187,1497653339
2129428187,2038220201
2129428187,1965300569
2075496765,2043002852
2075496765,2058105619
2075496765,2129493656
2075496765,2086349579
2075496765,1913732766
2075496765,2118955670
2075496765,2021984623
2075496765,1540377832
2075496765,1880836256
2075496765,2077389783
2075496765,2073691881
2075496765,1575247910
2075496765,2146644577
2093468690,1971492509
2093468690,1999741657
2093468690,1977405945
2093468690,2095105537
2093468690,2085990311
2059390955,2083281122
2059390955,2074471048
2059390955,1798489336
2059390955,1932582440
2059390955,2083511573
2059390955,2008235313
2059390955,2048361180
2035647158,1964697192
2035647158,2170059286
2035647158,1964886583
2016685829,2058105619
2016685829,1513488900
2016685829,2148982690
2144709937,1971492509
2144709937,1964697192
2144709937,2074665709
2144709937,1973049152
2144709937,2085990311
1540377832,1880836256
2063833216,2106351948
2057783847,2164345547
2116955146,1504183433
2116955146,2073764051
2116955146,2021511333
2153184345,1497653339
2153184345,2075302740
2169149460,2106351948
2169149460,2063833216
1977405945,1999741657
1977405945,2095105537
1977405945,735113
1977405945,2085990311
2033472262,2202777762
2033472262,2083511573
2282512006,2278448846
2282512006,1932582440
2282512006,2042474989
2282512006,2470067090
2282512006,2073858706
1530780495,2037028543
1530780495,2083197550
1530780495,201224041
1530780495,1916920390
1530780495,1600278610
1530780495,2041040063
1530780495,2299529876
1530780495,2320121120
1530780495,2078123721
2013626527,2083511573
2115906603,2140558412
2115906603,1983754633
2115906603,2079584306
2095105537,2073691881
2095105537,2045333370
2095105537,2471613662
2095105537,1568615204
2793686490,2037028543
2793686490,1623899554
2793686490,2004638404
2793686490,2528160374
2793686490,158056420
1967368049,2083281122
1967368049,2091460873
1967368049,1932582440
1967368049,2027322285
1967368049,1707484866
1967368049,2033569146
2039824329,1504183433
2039824329,2043002852
2039824329,1989837633
2039824329,2004638404
2039824329,1996922388
2039824329,2086349579
2039824329,1481905924
2039824329,2018297962
2039824329,2060133927
2039824329,2147809505
2039824329,1997841652
2039824329,2087375155
2039824329,2086871164
2039824329,1990453689
2039824329,2017313399
2039824329,2023360712
2039824329,1989914450
2039824329,2045381284
2039824329,2060948559
2039824329,2098526008
2039824329,1565635388
2039824329,2053847316
2039824329,33876368
1940182112,2043002852
1940182112,2086349579
1940182112,201224041
1940182112,2077894907
1940182112,1990453689
1940182112,2118803519
1940182112,1972313293
1940182112,2094008368
1940182112,2299529876
1940182112,1565635388
1940182112,810114590
1940182112,2130399979
1940182112,1975517954
2005426878,2043002852
2005426878,2068580990
2005426878,1993243599
1880836256,1540377832
1880836256,2600802108
2043841568,2164345547
2043841568,2058105619
2043841568,2148982690
2111374930,2164345547
2111374930,2049496821
2111374930,2050776140
2111374930,1978845392
2111374930,2058105619
2111374930,2150509498
2111374930,2157716938
2111374930,2146429040
2111374930,2043153484
2111374930,2105070611
2111374930,1967050232
1801182092,2037028543
1801182092,1916920390
1801182092,1600278610
1801182092,2073691881
1801182092,2320121120
1801182092,2130399979
1801182092,2471613662
1600702052,56641886
1966001053,2202777762
1966001053,2083511573
1966001053,1997575625
46027647,2037028543
46027647,2018297962
46027647,175056903
2790756665,1530993534
2790756665,2077502906
2067408383,2555506235
2043310452,1513488900
2043310452,1964697192
2043310452,1497653339
2043310452,2028089885
2043310452,2082358101
2043310452,2038220201
2077389783,2083281122
2077389783,1993243599
2008235313,2091460873
2008235313,2202777762
2008235313,1798489336
2008235313,2278448846
2008235313,1932582440
2008235313,2042474989
2008235313,1545072659
2008235313,1967892600
2008235313,2025333233
2730682671,1978602984
2730682671,2281893911
2055061524,1504183433
2055061524,1978845392
2055061524,2043002852
2055061524,2074665709
2055061524,2082358101
2055061524,2130399979
2089705972,2004638404
2089705972,2086349579
2089705972,1555700134
2089705972,1913732766
2089705972,1609821603
2089705972,2118955670
2089705972,2087375155
2089705972,1545519422
2089705972,2018601649
2089705972,1540377832
2089705972,1880836256
2089705972,2071043271
2089705972,2012826144
2089705972,2029890934
2089705972,1580987700
2089705972,991265790
1997575625,2083281122
1997575625,2202777762
1997575625,1798489336
1997575625,1967892600
1997575625,2033472262
2523454627,2010502171
2523454627,1504183433
2523454627,2291076239
2523454627,2043002852
2523454627,2046416906
2523454627,2089919337
2523454627,201224041
2523454627,1834220646
2523454627,2118955670
2523454627,1997841652
2523454627,1983754633
2523454627,1993243599
2523454627,2155545446
2523454627,2073764051
2523454627,2012826144
2523454627,2111304032
2523454627,2757331265
2523454627,2423742774
2017313399,1504183433
2017313399,2043002852
2017313399,1989837633
2017313399,2004638404
2017313399,1996922388
2017313399,2086349579
2017313399,2018297962
2017313399,2155545446
2017313399,2086871164
2017313399,2059580680
2017313399,2081497821
2017313399,1974264916
2017313399,2045381284
2017313399,2026890993
2017313399,2030839662
2073691881,1916920390
2073691881,2305136657
2073691881,2471613662
2073691881,1525795913
2073691881,2025759632
80975996,2043002852
80975996,2018297962
80975996,2069152987
1977556304,2083281122
1977556304,2004638404
1977556304,1967892600
1977556304,2017167989
1977556304,2077389783
1977556304,1502970699
2154011352,2202777762
2154011352,2043002852
2154011352,1996922388
2154011352,2086349579
2154011352,201224041
2154011352,2018297962
2154011352,2033472262
2154011352,1801182092
2154011352,2094008368
2154011352,2757331265
2154011352,2106625025
1604253698,2150509498
1604253698,2055061524
1604253698,2117375656
2604671466,2083281122
2604671466,2091460873
2604671466,2202777762
2604671466,1798489336
2604671466,2278448846
2604671466,1932582440
2604671466,2042474989
2604671466,1545072659
2604671466,2017167989
2604671466,1996716416
2604671466,2152482502
2604671466,1886711746
2604671466,2316445941
2604671466,2066265557
2604671466,2064182806
2604671466,1984256151
2604671466,1502970699
2604671466,1823907620
2071043271,2043002852
2071043271,1996922388
2071043271,2080058192
2071043271,2086349579
2071043271,1993243599
2071043271,2083511573
2071043271,2086871164
2071043271,2129428187
2071043271,2106186799
2071043271,2052614921
2071043271,2083103609
2071043271,189494989
2071043271,1767573378
2558866408,1993243599
2558866408,1973070943
2558866408,2080892231
2558866408,2065615376
2558866408,1561224564
2118803519,2043002852
2118803519,2048128407
2118803519,2006477706
2118803519,2248029919
2341978580,2106351948
2341978580,2063833216
2341978580,2169149460
2073764051,2083281122
2073764051,2043002852
2073764051,1996922388
2073764051,2086349579
2073764051,2083197550
2073764051,2018297962
2073764051,2068580990
2073764051,1972427274
2073764051,1967892600
2073764051,2077894907
2073764051,1993243599
2073764051,2081497821
2073764051,2073691881
2073764051,1974657071
2073764051,2030715167
1619582917,640388030
1619582917,1971492509
1619582917,1964697192
2021511333,1623899554
2021511333,2012666849
2023360712,1996922388
2023360712,2086349579
2023360712,2083197550
2023360712,201224041
2023360712,2018297962
2023360712,1964697192
2023360712,2086871164
2023360712,2018601649
2023360712,2045381284
2023360712,2098526008
2023360712,2305136657
2023360712,2047827914
2473646473,2278448846
2473646473,2064106118
2473646473,2080276144
2473646473,1565635388
2473646473,2210439597
2061640342,2077502906
2082358101,2028089885
2082358101,2588307287
2063777496,2058105619
2063777496,2043841568
1510549050,2118474933
2041040063,1971492509
2041040063,1600278610
2041040063,2094008368
2041040063,2320121120
2041040063,2078123721
1569176441,2037028543
2152482502,2083281122
2152482502,2091460873
2152482502,2202777762
2152482502,1798489336
2152482502,2278448846
2152482502,1990868684
2152482502,2017167989
2142654872,2011551841
2142654872,1998327661
2154502627,2142654872
2154502627,74010801
2016660801,2064675821
2016660801,2077502906
2744708479,1504183433
2744708479,2553066784
2744708479,1887261132
2132441697,1993243599
2371542881,1623899554
2371542881,2393184366
2371542881,2369698547
2521066519,1968999285
2521066519,864372470
2521066519,2004638404
2521066519,2296421709
2521066519,2086349579
2521066519,1913732766
2521066519,1609821603
2521066519,2060133927
2521066519,2087375155
2521066519,1859986355
2521066519,2497468488
2521066519,1971256359
2521066519,2055061524
2521066519,2089705972
2521066519,2029890934
1972313293,2086349579
1972313293,2077894907
1972313293,2083511573
1972313293,2041040063
1972313293,2094008368
1972313293,2326820390
2012826144,1504183433
2012826144,2037028543
2012826144,1990461424
2029890934,1623899554
2029890934,2106652097
2029890934,1983558151
2029890934,2083122172
1989914450,1504183433
1989914450,1623899554
2014439803,2037028543
2014439803,1996922388
2014439803,2018297962
1990461424,1504183433
1990461424,2037028543
1990461424,201224041
1990461424,1530780495
1990461424,2320121120
1973070943,201224041
2091279645,2087495557
1254409997,2071719485
1254409997,2021984623
1254409997,2005426878
1254409997,2053204079
2517883994,2083281122
2517883994,2057414382
2517883994,1545072659
2517883994,2012938189
1886711746,2091460873
1886711746,1798489336
1886711746,1932582440
1886711746,2042474989
1886711746,1996922388
1886711746,1990868684
1886711746,2008235313
1886711746,2152482502
1886711746,2009166224
735113,2087495557
2094008368,2280313909
1983537111,2093697299
1983537111,2127124992
2316445941,2043002852
2316445941,2129493656
2316445941,2037028543
2316445941,2004638404
2316445941,1996922388
2316445941,201224041
2316445941,2018297962
2316445941,1609821603
2316445941,1990868684
2316445941,1989682539
2316445941,2086871164
2316445941,1916920390
2316445941,1530780495
2316445941,2021511333
2316445941,1569176441
2316445941,1986381507
2316445941,2320121120
2316445941,2037542203
1802487747,1977405945
1802487747,2004944143
1908192776,2087495557
74010801,2011551841
74010801,1978602984
74010801,2010502171
74010801,1998327661
74010801,2048128407
74010801,1964697192
74010801,1983754633
74010801,2118803519
1974264916,1504183433
1974264916,2043002852
1974264916,1989837633
1974264916,2086349579
1974264916,2018297962
1974264916,2155545446
1974264916,2086871164
1974264916,2059580680
1974264916,2081497821
1974264916,2045381284
1974264916,2026890993
1974264916,391919516
2053204079,2037028543
2053204079,2018297962
2053204079,1916920390
2053204079,1983558151
2053204079,2313038701
2053204079,2471613662
2053204079,2119181641
2053204079,1525795913
2053204079,2012666849
2053204079,49351912
2339652516,2074471048
2339652516,2091460873
2339652516,1932582440
2339652516,2042474989
2339652516,1996922388
2339652516,2057414382
2339652516,1545072659
2339652516,1990868684
2339652516,2012938189
2339652516,1996648577
2339652516,1996716416
2339652516,2059390955
2339652516,2152482502
2339652516,1886711746
2339652516,2078438405
2339652516,2178611632
2045381284,1996922388
2045381284,2086349579
2045381284,2068580990
2045381284,1972427274
2045381284,1991893215
2045381284,2086871164
2045381284,2073691881
2045381284,2007351065
2045381284,2098526008
2299529876,2037028543
2299529876,1916920390
2299529876,1600278610
1580987700,1609821603
2043153484,1978845392
2043153484,2010606670
1754677542,1504183433
1754677542,2202777762
1754677542,2037028543
1754677542,2057414382
1754677542,1967892600
1754677542,2093651953
1754677542,2053204079
1754677542,2040068061
1754677542,2081522708
1986381507,1964697192
1986381507,2111643547
1575247910,2169149460
1575247910,1602360625
2106652097,1983558151
2095112144,2083281122
2095112144,2202777762
2095112144,2077894907
2095112144,2083511573
2095112144,2033472262
2095112144,2013626527
2095112144,1972313293
2060948559,2043002852
2060948559,2004638404
2060948559,1996922388
2060948559,2071719485
2060948559,201224041
2060948559,1964697192
2060948559,1497653339
2060948559,2087375155
2060948559,2086871164
2060948559,2129428187
2060948559,2005426878
2060948559,735113
2099711746,1964697192
2099711746,1497653339
2099711746,2043310452
2099711746,2091306062
2099711746,2102447444
1762143295,2034101834
1762143295,2081815530
2111304032,2142566733
2030715167,2037028543
2030715167,1916920390
2030715167,1600278610
2030715167,2073691881
2030715167,2299529876
2030715167,2471613662
2044121421,2087495557
2156401192,2047626464
1707484866,2011551841
1707484866,2091460873
1707484866,1932582440
1707484866,1545072659
1707484866,2027322285
2080892231,2043002852
2080892231,1996922388
2080892231,1993243599
2080892231,2081497821
2080892231,2169676896
2753856650,1504183433
2753856650,1996648577
2753856650,2116955146
2753856650,2316445941
2145033111,1964697192
2069152987,2155545446
2069152987,2073691881
2069152987,2305136657
1899436965,1497653339
1899436965,1872118864
1899436965,2061400599
1899436965,2029162279
2006656424,1504183433
2006656424,1623899554
2006656424,2083197550
2006656424,201224041
2098526008,2086349579
2098526008,2068580990
2098526008,2086871164
2098526008,2079420092
2040068061,2083281122
2040068061,2077389783
2040068061,2129196647
2284181864,2071719485
2284181864,2157716938
2284181864,1980893636
2284181864,2013626527
2284181864,2127124992
2284181864,2170059286
2284181864,1967050232
2284181864,2049459511
2284181864,1992231127
2284181864,1876660364
2081522708,2202777762
2115173695,1584092637
2756282309,2287166047
2756282309,2018297962
2756282309,2073163184
2756282309,2074039810
2756282309,2049316705
2756282309,2316445941
1780431662,2202777762
1780431662,1798489336
1780431662,1932582440
1780431662,2042474989
1780431662,1545072659
1780431662,2012938189
1780431662,2059390955
2774922201,1968999285
2774922201,2101953912
2774922201,864372470
2774922201,1913732766
2774922201,2497468488
2774922201,2553066784
2774922201,2521066519
2774922201,2029890934
2774922201,2581090017
2774922201,2083122172
2099160475,1575247910
2091306062,2043310452
2209635738,2037028543
2209635738,2086349579
2209635738,201224041
2209635738,2077894907
2209635738,2083511573
2209635738,1600278610
2209635738,1940182112
2209635738,2041040063
2209635738,1972313293
2209635738,2094008368
2209635738,2299529876
2209635738,810114590
2209635738,2130399979
1927361940,2037028543
1927361940,2083197550
1927361940,201224041
1927361940,1600278610
1927361940,1530780495
1927361940,2071043271
1927361940,1569176441
1927361940,1989914450
1927361940,2299529876
1927361940,2030715167
1927361940,2006656424
1927361940,2078123721
1927361940,114447599
1927361940,251064908
2146398250,2049496821
2146398250,2059859259
2023573580,2085760485
2049432705,1481905924
2049432705,2064106118
2049432705,1940182112
2049432705,2009753852
1900334753,2004638404
1900334753,1609821603
2478108183,1998327661
2478108183,1496823833
2478108183,2140558412
2478108183,2089919337
2478108183,1967368049
175056903,2037028543
175056903,1916920390
175056903,1600278610
175056903,2073691881
175056903,2320121120
175056903,2313038701
175056903,2471613662
175056903,1525795913
175056903,262012135
1960013577,1513488900
1960013577,2004944143
1960013577,2014535238
2106186799,1996922388
2106186799,2083197550
2106186799,2018297962
2106186799,2155545446
2106186799,2073691881
2106186799,2008785277
2102447444,2043310452
2080276144,1998327661
2080276144,2064106118
2080276144,2086871164
2080276144,1990453689
2080276144,2116955146
2080276144,1940182112
2080276144,2045381284
2080276144,1975517954
2105070611,2049496821
2105070611,2050776140
2105070611,2550556154
1602360625,1932825008
1602360625,2050776140
1602360625,2146429040
1602360625,1960013577
2509719940,864372470
2509719940,2086349579
2509719940,2118955670
2509719940,2147809505
2509719940,1997841652
2509719940,2068580990
2509719940,2087375155
2509719940,2155545446
2509719940,1859986355
2509719940,2497468488
2509719940,2086871164
2509719940,2074039810
2509719940,2021984623
2509719940,1990453689
2509719940,2116955146
2509719940,2039824329
2509719940,1940182112
2509719940,2005426878
2509719940,2055061524
2509719940,2017313399
2509719940,2060948559
2509719940,2039572006
1887261132,1513488900
1887261132,2087495557
2188335622,1504183433
2188335622,2043002852
2188335622,1989837633
2188335622,2004638404
2188335622,1996922388
2188335622,201224041
2188335622,1990868684
2188335622,2081744794
2188335622,2081497821
2188335622,1940182112
2188335622,2073764051
2188335622,2007351065
2188335622,2014439803
2188335622,2241619111
2188335622,149589230
2188335622,643845392
1680212286,2093468690
1680212286,1999741657
1973049152,1497653339
1973049152,2148982690
1973049152,2048487042
1973049152,1519569236
2064182806,1504183433
2064182806,2043002852
2064182806,1996922388
2064182806,1481905924
2064182806,2060133927
2064182806,2068580990
2064182806,2081497821
2064182806,1990453689
2064182806,1977556304
1675140634,2093697299
1919207672,2093697299
1919207672,1675140634
2026890993,201224041
2026890993,1972427274
2026890993,2083511573
2026890993,2086871164
2026890993,2073691881
2026890993,2757331265
1967050232,2164345547
1967050232,1978845392
1967050232,2091294729
1967050232,2052351095
1967050232,2091279645
2591784366,2086349579
2591784366,2083197550
2591784366,1600278610
2591784366,2371542881
2128154753,2320121120
1970008495,1971492509
1970008495,1965502928
1970008495,1982468577
2085990311,2026838648
2085990311,2083511573
2085990311,2095105537
2078123721,1916920390
2078123721,1968506954
2003183031,2058105619
2003183031,2016685829
2003183031,2088117221
2560232088,1968999285
2560232088,864372470
2560232088,2071719485
2560232088,1913732766
2560232088,1609821603
2560232088,1964697192
2560232088,2021984623
2560232088,2553066784
2560232088,2132441697
1967691163,1497653339
1967691163,2091306062
1971447458,1623899554
1971447458,2106652097
1971447458,1983558151
2117878580,1504183433
2117878580,2043002852
2117878580,2037028543
2117878580,1996922388
2117878580,1993243599
2117878580,2132441697
2117878580,1990461424
2117878580,2320121120
2117878580,2025759632
2107204415,2083281122
2107204415,1932582440
2107204415,2086349579
2107204415,2017167989
2107204415,1940182112
2107204415,2095112144
2107204415,2209635738
2107204415,2083103609
2107204415,2033569146
2107204415,2060149758
2107204415,2339898196
1480103247,40619706
1480103247,2049496821
1480103247,2050776140
1480103247,1978845392
1480103247,2091294729
1480103247,2155857951
1480103247,2144709937
1480103247,2043841568
1480103247,2111374930
1480103247,1619582917
1480103247,2138502909
1480103247,1939167449
2009166224,2083281122
2009166224,2074471048
2009166224,2091460873
2009166224,1798489336
2009166224,1932582440
2009166224,2042474989
2009166224,1967892600
2009166224,2017167989
2009166224,2470067090
2009166224,1977405945
2009166224,2152482502
2146644577,1998327661
2146644577,2202777762
2146644577,1496823833
2146644577,2140558412
2146644577,2086349579
2146644577,1990453689
2146644577,1966001053
2146644577,2317124916
2049459511,2058105619
2049459511,1513488900
2049459511,1971492509
2049459511,2129428187
2049459511,1999741657
2049459511,2016685829
2049459511,2148982690
2049459511,1973049152
2049459511,2088117221
2049459511,2061400599
2049459511,2048487042
2049459511,2104735664
2049459511,1519569236
2180279899,2073163184
2180279899,2016685829
2180279899,2118474933
2180279899,2061400599
2550556154,2164345547
2039730489,2030746523
2133797356,2150509498
2133797356,1966654499
2078438405,1996716416
2129196647,2083281122
2129196647,2077389783
1992231127,2058105619
1992231127,2108976547
2148089768,2043002852
2148089768,1481905924
2148089768,2060133927
2148089768,1990453689
2156594430,1932825008
2156594430,2074665709
2156594430,2146398250
2156594430,2138502909
2156594430,2518811047
114447599,2037028543
2077049425,2087495557
1565635388,1993243599
1565635388,2073691881
1565635388,2118803519
2066985544,2128154753
2419296173,2011551841
2419296173,1998327661
2419296173,2159075000
1992545015,1964697192
1992545015,2015345393
2012765458,2011551841
2012765458,1978602984
2012765458,2010502171
2012765458,1481905924
2012765458,201224041
2012765458,1983754633
2012765458,1530780495
2012765458,74010801
2012765458,175056903
2012765458,991265790
2606828902,2074471048
2606828902,2091460873
2606828902,2202777762
2606828902,1798489336
2606828902,2278448846
2606828902,2057414382
2606828902,1545072659
2606828902,2027322285
2606828902,2012938189
2606828902,1996716416
2606828902,2059390955
2606828902,1966001053
2606828902,2008235313
2606828902,1707484866
2606828902,2081522708
2606828902,145409174
2547686582,1998327661
2547686582,2089919337
2547686582,2018297962
2547686582,1993243599
2547686582,2009166224
2064844194,2164345547
2064844194,1978845392
2064844194,1513488900
2064844194,1971492509
2783124450,2061640342
991265790,2037028543
991265790,201224041
991265790,1916920390
991265790,1600278610
991265790,2320121120
991265790,2078123721
991265790,2333744475
145409174,2083281122
145409174,2074471048
145409174,2017167989
2790317606,2064106118
2790317606,2060133927
2790317606,2147809505
2790317606,1997841652
2790317606,2087375155
2790317606,2086871164
2790317606,2059580680
2790317606,1990453689
2790317606,2055061524
2790317606,2023360712
2790317606,2098526008
2790317606,2080276144
2790317606,2509719940
2470013172,1989837633
2470013172,2060133927
2470013172,2087375155
2470013172,2086871164
2470013172,2059580680
2470013172,2074039810
2470013172,2017313399
2470013172,2039572006
2470013172,1418139732
2038209617,1978845392
2038209617,2028089885
2038209617,2091121559
2038209617,1939167449
2178611632,2012938189
2048361180,2074471048
2042456470,1513488900
2138502909,2164345547
2138502909,1978845392
2138502909,2058105619
2138502909,1623899554
2138502909,1971492509
2138502909,2157716938
2138502909,1497653339
2138502909,2129428187
2138502909,2016685829
2138502909,2043153484
2138502909,2099711746
2138502909,2003183031
2138502909,2049459511
2138502909,2088117221
2801699037,2011551841
2801699037,1998327661
2801699037,1932825008
2801699037,2287166047
2801699037,2202777762
2801699037,2050776140
2801699037,2089919337
2801699037,1991238184
2801699037,2587918125
2801699037,1913732766
2801699037,1834220646
2801699037,2064106118
2801699037,1609821603
2801699037,1990868684
2801699037,2118955670
2801699037,1966654499
2801699037,2027322285
2801699037,2074665709
2801699037,1985496542
2801699037,1859986355
2801699037,2083511573
2801699037,2073163184
2801699037,2470067090
2801699037,2008235313
2801699037,2604671466
2801699037,2073858706
2801699037,2049316705
2801699037,2041040063
2801699037,2146429040
2801699037,2152482502
2801699037,2521066519
2801699037,1973049152
2801699037,2560232088
2801699037,2009166224
2801699037,1577992273
2801699037,2653005600
2801699037,2174488537
2088117221,1978845392
2088117221,2058105619
2088117221,1513488900
2088117221,2016685829
2789473377,2043002852
2789473377,2037028543
2789473377,2083197550
2789473377,1916920390
2789473377,2074039810
2789473377,2744708479
2789473377,2053204079
2789473377,2006656424
2789473377,2623771445
2789473377,1991387883
1831057746,2074665709
1831057746,1497653339
1831057746,2099711746
2164494695,40619706
2164494695,1913732766
2164494695,1609821603
2164494695,2041040063
2164494695,1671268003
2757331265,2586697474
2021323351,2037028543
2021323351,2018297962
2021323351,80975996
2021323351,2053204079
2021323351,2135880168
2021323351,279359556
2526257167,864372470
2526257167,2296421709
2526257167,1609821603
2526257167,1545519422
2526257167,2089705972
2526257167,1900334753
1581355799,2021995710
2546838577,1485496002
2546838577,2067408383
2171024013,2052351095
2171024013,2044121421
2030361317,2145033111
1975736808,2011551841
1975736808,251064908
2735379888,1990868684
2735379888,2069152987
2735379888,2572406742
2789845210,1504183433
2789845210,2004638404
2789845210,1481905924
2789845210,1913732766
2789845210,1859986355
2789845210,2497468488
2789845210,2735379888
2789845210,2756190765
2789845210,2116714053
2789845210,2762225601
2789845210,2753189905
2789845210,2623771445
2789845210,2763893603
1550743993,2118474933
1577992273,1964697192
2115374745,2091294729
2115374745,2057783847
2333744475,2202777762
2333744475,2037028543
2333744475,201224041
2333744475,1916920390
2333744475,1600278610
2333744475,1530780495
2333744475,2021511333
2333744475,2299529876
2333744475,2037542203
2103968990,1989837633
2103968990,1972427274
2103968990,2360936073
2103968990,2073764051
2103968990,2371542881
2152003276,2010502171
2525847885,2011551841
2525847885,2010502171
2525847885,1798489336
2525847885,2278448846
2525847885,2165294625
2217155183,1623899554
2217155183,1804101806
2151684997,1974519537
2566094207,1993243599
2566094207,2017167989
2566094207,2077389783
2566094207,1586757444
587156963,1504183433
587156963,1990868684
587156963,2118955670
587156963,1972427274
587156963,2152482502
587156963,2080892231
587156963,2066265557
587156963,2023573580
587156963,153042908
587156963,2241619111
587156963,2060149758
587156963,2141111303
2025333233,2202777762
2025333233,2083511573
2025333233,2033472262
1964886583,2170059286
1968506954,1964697192
1968506954,2038220201
1872118864,2029162279
1872118864,2010738506
170043762,1504183433
170043762,2116955146
170043762,2073764051
170043762,2021511333
2562767789,2083281122
2562767789,2091460873
2562767789,2278448846
2562767789,2106351948
2562767789,2093651953
2562767789,2341978580
2562767789,2339652516
2562767789,1894561178
2562767789,2093147198
1965300569,1964697192
2581090017,2043002852
2581090017,1968999285
2581090017,2064106118
2581090017,2060133927
2581090017,2087375155
2581090017,1545519422
2581090017,2086871164
2581090017,2074039810
2581090017,1971256359
2581090017,2055061524
2581090017,2089705972
2581090017,2091121559
2581090017,1580987700
2581090017,2106652097
2581090017,2080276144
2581090017,2528926568
2808461187,2043002852
2808461187,2086349579
2808461187,2587918125
2808461187,2064106118
2808461187,2147809505
2808461187,2087375155
2808461187,2077894907
2808461187,2086871164
2808461187,2074039810
2808461187,1990453689
2808461187,1940182112
2808461187,1972313293
2808461187,2209635738
2808461187,2080276144
2808461187,2509719940
2808461187,1565635388
2808461187,2790317606
1975989601,2118474933
1975989601,2470188881
1975989601,1989995760
2165294625,2011551841
2165294625,2047834271
2165294625,1998327661
2165294625,2291076239
2061400599,1497653339
2061400599,2055449715
1984256151,2004638404
1984256151,2081497821
2079584306,2119181641
2079584306,2025759632
1589703532,2043002852
1589703532,2021984623
1589703532,2005426878
1589703532,2077389783
1589703532,2053204079
1502970699,2083281122
1502970699,2202777762
1502970699,1996922388
1502970699,1972427274
1502970699,1967892600
1502970699,2083511573
1502970699,2017167989
1502970699,2033472262
1502970699,1966001053
1502970699,2077389783
1502970699,1997575625
1502970699,2041040063
1502970699,2069152987
2074681985,1978845392
2074681985,2043310452
2074681985,2091279645
2074681985,2077049425
2074681985,2042456470
1980316416,1980893636
1980316416,1983537111
2591287808,2523454627
2029162279,1497653339
2029162279,2061400599
2029162279,2055449715
2151714656,2058105619
2151714656,2157716938
2151714656,2052351095
2151714656,2091279645
2151714656,1964886583
2151714656,2077467164
1922352466,2043002852
1922352466,1989837633
1922352466,2004638404
1922352466,1996922388
1922352466,2080058192
1922352466,2086349579
1922352466,201224041
1922352466,1993243599
1922352466,2005426878
1922352466,2483302103
1922352466,1991387883
2528926568,1968999285
2528926568,1623899554
2528926568,1609821603
2528926568,2118955670
2528926568,1545519422
2528926568,1859986355
2528926568,1880836256
2528926568,2091121559
2528926568,2106652097
2528926568,2035436902
2067890187,2091294729
2067890187,2043153484
2067890187,2010606670
2067890187,1964886583
152772098,1974519537
152772098,2059270607
152772098,2151684997
152772098,1572530182
152772098,2497323575
2128299793,1513488900
2039572006,1504183433
2039572006,2043002852
2039572006,1989837633
2039572006,2018297962
2039572006,2147809505
2039572006,2087375155
2039572006,1991893215
2039572006,2086871164
2039572006,2074039810
2039572006,1990453689
2039572006,2023360712
2039572006,2060948559
2039572006,2085760485
2039572006,2053847316
2548794703,2129493656
2548794703,2086349579
2548794703,2007351065
2756190765,2010502171
2756190765,2083281122
2756190765,1504183433
2756190765,1481905924
2756190765,2064106118
2756190765,2027322285
2756190765,2077894907
2756190765,2083511573
2756190765,1990453689
2756190765,1940182112
2756190765,2023360712
2756190765,1972313293
2756190765,2094008368
2756190765,2045381284
2756190765,2080276144
2756190765,1565635388
2756190765,2083103609
2756190765,391919516
2756190765,2563021627
2756190765,2340115408
2756190765,2339898196
2756190765,2052657397
2756190765,2001302378
2053847316,1504183433
2053847316,2043002852
2053847316,1989837633
2053847316,1623899554
2053847316,2086349579
2053847316,2018297962
2053847316,2060133927
2053847316,1997841652
2053847316,2087375155
2053847316,2086871164
2053847316,2059580680
2053847316,1990453689
2053847316,2017313399
2053847316,1974264916
2053847316,2030715167
2053847316,2026890993
1823907620,2091460873
1823907620,1798489336
1823907620,1932582440
1823907620,2042474989
1823907620,1545072659
1823907620,2073858706
251064908,2037028543
251064908,201224041
251064908,1916920390
251064908,1600278610
251064908,2320121120
251064908,175056903
251064908,2078123721
251064908,2083103609
251064908,2060149758
2339832139,1932582440
2339832139,1940182112
2008291426,2048361180
2008291426,192240132
2008291426,2075302740
2565566991,2083197550
2565566991,2018297962
2565566991,1993243599
2565566991,1859986355
2565566991,2035647158
2565566991,2055061524
2565566991,1997575625
2565566991,1604253698
2565566991,2073764051
2565566991,2045381284
2565566991,2030715167
2565566991,2006656424
2565566991,2164494695
2565566991,2241619111
153042908,1504183433
153042908,1990868684
153042908,2080892231
2746559922,1980316416
2025377269,2118474933
2025377269,262012135
2059859259,1982468577
2333680610,1998327661
2333680610,2089919337
2333680610,189494989
2471674598,2046416906
2077467164,1513488900
2077467164,2148982690
2774195717,1998327661
2774195717,1504183433
2774195717,1623899554
2774195717,1996922388
2774195717,2083197550
2774195717,2587918125
2774195717,1481905924
2774195717,2064106118
2774195717,1990868684
2774195717,2118955670
2774195717,2060133927
2774195717,1530780495
2774195717,2152482502
2774195717,1886711746
2774195717,735113
2774195717,2316445941
2774195717,74010801
2774195717,2080892231
2774195717,2066265557
2774195717,1976464040
2774195717,2205707768
2055983652,9402541
2037542203,1996922388
2037542203,201224041
2037542203,2068580990
2037542203,1991893215
2528160374,2037028543
2210439597,1623899554
2210439597,1804101806
2210439597,2057277227
1993659481,2164345547
1978606873,1497653339
1978606873,2006825277
1978606873,1973049152
1978606873,1968506954
1978606873,2061400599
1978606873,1525795913
1978606873,2014535238
1978606873,1578172460
2155028548,2083281122
1939167449,1513488900
1939167449,2150509498
1939167449,2157716938
2033569146,2010502171
2033569146,2083281122
2033569146,1978845392
2033569146,1584092637
2032348050,1978845392
2032348050,2602736756
2032348050,2104735664
2803241215,2616487805
2241619111,2043002852
2241619111,2037028543
2241619111,1989837633
2241619111,1623899554
2241619111,2004638404
2241619111,1996922388
2241619111,2083197550
2241619111,201224041
2241619111,2018297962
2241619111,2081744794
2241619111,1916920390
2241619111,2005426878
2241619111,2069152987
2241619111,2023573580
2241619111,2106186799
2241619111,2471613662
2241619111,2128940261
192240132,1504183433
192240132,2037028543
192240132,1623899554
192240132,2004638404
192240132,2118955670
192240132,1916920390
192240132,175056903
192240132,1983558151
192240132,2083122172
192240132,2471613662
192240132,2025759632
192240132,2035436902
1480838596,1964697192
2008785277,2133550526
391919516,2094008368
391919516,2305136657
2145348253,2071719485
2145348253,2132441697
1940801235,2087495557
1572530182,1974519537
1572530182,2059270607
2002913819,2011551841
2002913819,1978602984
2002913819,2010502171
2002913819,1481905924
2002913819,1964697192
2002913819,1983754633
2002913819,2152003276
1671268003,2150509498
2134039069,2083197550
2134039069,201224041
2423742774,2011551841
2423742774,2010502171
2423742774,2083281122
2423742774,2073858706
2423742774,2012765458
1876660364,1975989601
1894561178,2106351948
1894561178,1986534301
2471613662,2305136657
2471613662,1525795913
2547330571,1530993534
2547330571,2027322285
2547330571,1762143295
2547330571,1707484866
2400020882,2004638404
2400020882,1481905924
2400020882,1993243599
2400020882,2081497821
2400020882,2077389783
2400020882,2069152987
2618392721,2156594430
2606385820,640388030
2606385820,2052605421
2606385820,2063777496
2004944143,1513488900
2589048847,1504183433
2589048847,1623899554
2589048847,2004638404
2589048847,1481905924
2589048847,2055061524
2081815530,2034101834
149589230,1504183433
149589230,2043002852
149589230,1996922388
149589230,1993243599
149589230,2030715167
149589230,2022842681
149589230,2006276724
2762225601,864372470
2762225601,2296421709
2762225601,1555700134
2762225601,1913732766
2762225601,1609821603
2762225601,1545519422
2762225601,2497468488
2762225601,1540377832
2762225601,2521066519
2762225601,2526257167
2762225601,2770022982
2653005600,2010502171
2653005600,2043002852
2653005600,2037028543
2653005600,1996922388
2653005600,2080058192
2653005600,2083197550
2653005600,1972427274
2653005600,2018601649
2653005600,1916920390
2653005600,2074039810
2653005600,1530780495
2653005600,2073691881
2653005600,2030715167
2653005600,2006656424
2653005600,2078123721
2653005600,2119181641
2653005600,1525795913
1965502928,2038220201
2892009055,2011551841
2892009055,2010502171
2892009055,2083281122
2892009055,1834220646
2892009055,2159075000
2892009055,2591287808
2117375656,1497653339
2117375656,1908192776
2556623802,2042474989
2556623802,2178611632
2556623802,1823907620
2010738506,2030361317
2609488468,2083281122
2609488468,2074471048
2609488468,2091460873
2609488468,1798489336
2609488468,1932582440
2609488468,2042474989
2609488468,1545072659
2609488468,2470067090
2609488468,2241619111
2141111303,1504183433
2141111303,2043002852
2141111303,1623899554
2141111303,1996922388
2141111303,201224041
2141111303,2018297962
2141111303,1990868684
2141111303,1972427274
2141111303,1993243599
2141111303,2081497821
2141111303,1530780495
2141111303,80975996
2141111303,2154011352
2141111303,2080892231
2141111303,2106186799
2141111303,2060149758
2141111303,2006276724
2767877921,2068580990
2767877921,2144709937
56641886,2058105619
56641886,2028089885
56641886,1999741657
1989995760,2118474933
1989995760,2470188881
2145947781,1996922388
2145947781,2086349579
2145947781,2068580990
2145947781,1972427274
2145947781,1991893215
2145947781,2086871164
2145947781,2073691881
2145947781,2098526008
1491690107,2083281122
1491690107,2047834271
1491690107,2129493656
1491690107,2027322285
1491690107,1707484866
2550804775,2004638404
2550804775,1972427274
2550804775,1859986355
2550804775,2012938189
2550804775,2029890934
2550804775,2106652097
2803042005,40619706
2803042005,2164345547
2803042005,1932825008
2803042005,2049496821
2803042005,2050776140
2803042005,1978845392
2803042005,1513488900
2803042005,2091294729
2803042005,2091279645
2803042005,2043153484
2803042005,1899436965
2803042005,2010606670
2803042005,2105070611
2803042005,2064844194
2803042005,2036573328
2803042005,1982468577
2803042005,2768612397
2803042005,2093147198
2753189905,2202777762
2119181641,2025759632
2119181641,2586286595
1975517954,2043002852
1975517954,2086349579
1975517954,2068580990
1975517954,2086871164
1975517954,2007351065
1975517954,2098526008
2075302740,2118474933
2075302740,262012135
2044109947,2050776140
2044109947,1964697192
2044109947,2043310452
2042912787,1964555736
171086303,2066265557
2058897013,2052351095
2058897013,2155857951
2058897013,2016685829
2058897013,2148982690
2058897013,2005426878
2058897013,2170059286
2058897013,2133550526
1860667329,175056903
2415285244,2083281122
2415285244,1602827357
2415285244,1491690107
2623771445,864372470
2623771445,1989837633
2623771445,2004638404
2623771445,1971492509
2623771445,2118955670
2623771445,2147809505
2623771445,1997841652
2623771445,2068580990
2623771445,2074665709
2623771445,1991893215
2623771445,1859986355
2623771445,2039824329
2623771445,2005426878
2623771445,2055061524
2623771445,1973049152
2145654868,2075302740
2111643547,2082358101
2148628208,2008785277
1585395114,1998327661
1585395114,1504183433
1585395114,2043002852
1585395114,1989837633
1585395114,1996922388
1585395114,2086349579
1585395114,2071719485
1585395114,2018297962
1585395114,2086871164
1585395114,2081497821
1585395114,2095105537
1585395114,1513787087
1585395114,2017313399
1585395114,1974264916
1585395114,2045381284
1585395114,2030715167
1585395114,1971447458
1585395114,391919516
1585395114,2060149758
1585395114,2340115408
1585395114,2101633960
2071150004,1996922388
2071150004,2071719485
2071150004,2021984623
2071150004,2132441697
2071150004,2080892231
2071150004,2066265557
2071150004,2562224889
2765717279,2129493656
2765717279,2049432705
142918262,1504183433
142918262,1997841652
142918262,1991893215
142918262,2021984623
142918262,2005426878
142918262,1971447458
142918262,145409174
142918262,2133550526
43753401,2022842681
2588347104,2047834271
2335128355,2164345547
2335128355,1971492509
2335128355,2099711746
2335128355,1831057746
199898444,2091460873
199898444,2278448846
199898444,1545072659
2563021627,2012765458
2169391669,2065615376
2174488537,2083281122
2174488537,2091460873
2174488537,2202777762
2174488537,1798489336
2174488537,1932582440
2174488537,2042474989
2174488537,2095112144
2174488537,1922352466
33876368,1989837633
33876368,2004638404
33876368,2086349579
2738892331,2577581381
2472340097,1998327661
2472340097,2142566733
2472340097,1496823833
2472340097,2127229172
2472340097,2131315177
2135158467,1623899554
2135158467,201224041
2135158467,1964697192
2135158467,1993243599
2135158467,2006656424
2340115408,1978845392
2340115408,2118474933
2340115408,2087495557
2340115408,1989995760
2104735664,2058105619
2104735664,2048487042
279359556,2086349579
279359556,201224041
279359556,2018297962
279359556,2086871164
2417961799,1504183433
2417961799,2043002852
2417961799,1623899554
2417961799,2004638404
2417961799,1996922388
2417961799,201224041
2417961799,2118955670
2417961799,1972427274
2417961799,2007351065
2417961799,1254409997
2417961799,2023573580
2417961799,192240132
2417961799,148545024
2417961799,1991387883
2106625025,1964697192
2106625025,2073691881
2106625025,2083122172
2106625025,2471613662
2106625025,2077822579
2106625025,262012135
1980216077,2112354207
2761534124,1998327661
2761534124,2129493656
2761534124,1971492509
2761534124,2089919337
2761534124,1983754633
2761534124,2093468690
2761534124,2478108183
2761534124,2146644577
2761534124,2317124916
158056420,1916920390
2022088852,2075302740
1973898719,1964697192
1973898719,2073691881
1973898719,2305136657
1973898719,2119181641
1973898719,2052657397
2740725035,1978440168
2740725035,1985291233
2556110942,2037028543
2556110942,1600278610
2515465452,1977556304
2515465452,2009166224
2465840255,2142566733
2465840255,2127229172
2465840255,2049432705
2470753723,1555700134
2470753723,1580987700
2470753723,1966625611
2204465591,2037028543
2204465591,1916920390
2172837469,1974657071
2809786260,2083281122
2809786260,1932582440
2809786260,2587918125
2809786260,2008235313
2586149153,2101953912
2586149153,2023375984
2141584093,1989837633
2141584093,1993243599
2141584093,1991893215
2141584093,2106625025
2792566648,2525702006
2006120655,2043002852
2006120655,2037028543
2006120655,1993243599
2006120655,1530780495
2006120655,2069152987
2006120655,2045333370
2006120655,2471613662
2169676896,1964697192
2169676896,1497653339
2033571750,1991387883
2237663810,1977556304
2237663810,2558866408
2237663810,2188335622
2799872448,2074471048
2799872448,2091460873
2799872448,864372470
2799872448,1989837633
2799872448,2004638404
2799872448,2042474989
2799872448,2147809505
2799872448,2068580990
2799872448,2087375155
2799872448,1859986355
2799872448,2081497821
2799872448,2129428187
2799872448,2005426878
2799872448,2060948559
2799872448,1971447458
2870146864,2011551841
2870146864,2281893911
2870146864,2027322285
2870146864,1996716416
2145824917,2164345547
2145824917,1978845392
2145824917,2058105619
2145824917,2157716938
2555768783,2081522708
2052657397,1964697192
2052657397,2083511573
2052657397,2073691881
2052657397,2305136657
2052657397,2119181641
2003467043,2087495557
2003467043,2128940261
155723667,2093697299
155723667,1919207672
2607379645,1504183433
2607379645,2043002852
2607379645,1989837633
2607379645,2018297962
2607379645,2060133927
2607379645,1972427274
2607379645,2087375155
2607379645,2155545446
2607379645,2073163184
2607379645,2074039810
2607379645,2039824329
2607379645,2017313399
2607379645,2073764051
2891520366,2043002852
2891520366,2046416906
2891520366,2086349579
2891520366,201224041
2891520366,1990868684
2891520366,2147809505
2891520366,2087375155
2891520366,2155545446
2891520366,2074039810
2891520366,2033472262
2891520366,2039824329
2891520366,2118803519
2891520366,2509719940
2891520366,2107204415
2891520366,2006477706
2891520366,2735379888
2891520366,2756190765
2802946709,2119214502
2025759632,1991387883
1969109443,2004638404
1969109443,1996922388
1969109443,2118955670
1969109443,2147809505
1969109443,1997841652
1969109443,2087375155
1969109443,2059580680
1969109443,2074039810
1969109443,2039824329
1969109443,1974409340
1615098735,2045381284
1615098735,2145947781
2101633960,1998327661
2101633960,2095105537
262012135,1991387883
262012135,2043429375
262012135,2522192926
262012135,2209347013
1976464040,1964697192
1976464040,2083103609
2793367187,2083281122
2793367187,1932825008
2793367187,1967892600
2793367187,2093468690
2793367187,2322238274
2793367187,2133797356
2793367187,2323870321
2740980973,2164345547
2740980973,1978845392
2740980973,1967050232
2740980973,2180279899
187155845,1972427274
187155845,2029890934
187155845,1983558151
187155845,2077822579
1823929789,2081497821
1823929789,2079420092
2142045300,2042456470
148545024,1504183433
148545024,1623899554
148545024,2018297962
148545024,735113
148545024,845131570
148545024,1991387883
148545024,1497594539
148545024,1817915296
148545024,776219316
2795586571,2043002852
2795586571,2037028543
2795586571,1996922388
2795586571,201224041
2795586571,1990868684
2795586571,2060133927
2795586571,2018601649
2795586571,2074039810
2795586571,1996648577
2795586571,2039824329
2795586571,2071043271
2795586571,2060948559
2795586571,2023573580
2795586571,2080276144
2795586571,2509719940
2795586571,2064182806
2795586571,2148089768
2795586571,2789473377
2795586571,2735379888
2795586571,1984256151
2035436902,2313038701
2893214653,2287166047
2893214653,2043002852
2893214653,2037028543
2893214653,1968999285
2893214653,864372470
2893214653,2004638404
2893214653,2080058192
2893214653,2296421709
2893214653,1991238184
2893214653,2064106118
2893214653,2060133927
2893214653,2147809505
2893214653,1972427274
2893214653,2087375155
2893214653,2073163184
2893214653,2497468488
2893214653,2074039810
2893214653,1990453689
2893214653,1996648577
2893214653,1971256359
2893214653,1540377832
2893214653,2039824329
2893214653,2071043271
2893214653,2041040063
2893214653,2012826144
2893214653,2753856650
2893214653,1927361940
2893214653,2080276144
2893214653,2064182806
2893214653,1966625611
2893214653,2801699037
2893214653,2735379888
2893214653,1984256151
2893214653,2528926568
2893214653,2174488537
2893214653,2795586571
31648654,2086349579
31648654,2086871164
31648654,1990453689
31648654,2023360712
31648654,2007351065
31648654,1972313293
31648654,735113
31648654,2094008368
31648654,2045381284
31648654,2098526008
31648654,1975517954
31648654,2128940261
31648654,2047827914
31648654,1615098735
2809736275,2768612397
2330147854,2047834271
2330147854,1584092637
2330147854,2145257659
2330147854,2154011352
2330147854,44186081
1582935345,2021511333
2021176755,2140558412
2021176755,2111304032
2021176755,2146644577
2021176755,2090030555
2601058929,2470067090
2054536507,2291076239
2054536507,2048128407
2054536507,2089919337
2603946215,2042456470
2886713841,1989837633
2886713841,2086349579
2886713841,1991893215
2886713841,1989914450
2741338948,2043002852
2741338948,1623899554
2741338948,2118955670
2741338948,2060133927
2741338948,2155545446
2741338948,1916920390
2741338948,2030715167
2741338948,2130399979
2205707768,1989837633
2205707768,2004638404
2205707768,1996922388
2205707768,2147809505
2205707768,1997841652
2205707768,2074039810
2205707768,1974264916
1997902739,2145033111
2805197197,1978440168
2805197197,1985291233
2805197197,2740725035
2898007063,2083281122
2898007063,2091460873
2898007063,1798489336
2898007063,1932582440
2898007063,2057414382
2898007063,1545072659
2898007063,2017167989
2898007063,2282512006
2898007063,1966001053
2898007063,2077389783
2898007063,1977556304
2898007063,2073858706
2898007063,2753189905
2050652845,2360936073
2050652845,2367691155
1977827306,1584092637
1977827306,1932582440
1659739227,2145371373
2220155654,2043002852
2220155654,2083197550
2220155654,2018297962
2220155654,2007351065
284248966,1623899554
284248966,1964697192
284248966,1991387883
2833531431,1968999285
2833531431,1913732766
2833531431,1609821603
2833531431,2553066784
2833531431,2581090017
2788465874,1968506954
2037288973,1989837633
2102335116,2037028543
2102335116,2053204079
2772454124,2287166047
2772454124,2296421709
2772454124,1991238184
2772454124,2049316705
2890837619,2042436931
2081322037,2083281122
2903085723,2011551841
2903085723,1998327661
2903085723,2048128407
2903085723,2089919337
2903085723,2587918125
2903085723,2154011352
2903085723,2165294625
2903085723,2054536507
2304672413,2043002852
2304672413,1973070943
2793669713,2091460873
2612668888,2083281122
2612668888,2091460873
2612668888,1798489336
2612668888,2278448846
2612668888,1932582440
2612668888,2042474989
2612668888,1996922388
2612668888,1834220646
2612668888,1545072659
2612668888,1985496542
2612668888,1859986355
2612668888,2017167989
2612668888,1971256359
2612668888,1997575625
2612668888,2152482502
2612668888,810114590
2612668888,251064908
2147334795,1497653339
2898217920,1932825008
2898217920,2086349579
2898217920,810114590
1487790939,2164345547
1487790939,2118474933
1487790939,1977405945
2900713815,2153184345
2900713815,2767877921
2755758140,2360936073
2755758140,2373055435
2013473313,2017798011
2013473313,2020201914
2903009718,2091460873
2903009718,1990868684
2903009718,2604671466
2903009718,2152482502
2903009718,1886711746
2903009718,2339652516
2903009718,1986381507
2184817930,2043002852
2184817930,2086349579
2184817930,2077894907
2184817930,1990453689
2184817930,1972313293
2184817930,2094008368
2184817930,810114590
2184817930,2130399979
2184817930,1975517954
2184817930,643845392
2803663740,1966654499
2421889760,2091460873
2789875395,2083281122
2789875395,2042474989
1761159445,2164345547
1761159445,1513488900
1761159445,2118474933
2022601151,2153184345
2022601151,1965300569
2022601151,2036573328
2758283490,2011551841
2758283490,2129493656
2758283490,1496823833
2758283490,2140558412
2758283490,2089919337
2758283490,1834220646
2758283490,2281893911
2758283490,2523454627
2758283490,2478108183
2758283490,2525847885
2068094179,1497594539
2068094179,746211085
2068094179,2043429375
2554893794,2052351095
2554893794,2043841568
2316380845,2049496821
2316380845,2050776140
2316380845,2111374930
2316380845,2105070611
2329496730,2164345547
2329496730,1978845392
2329496730,2087495557
2048641170,2083122172
2048641170,1991387883
2342121749,2037028543
2342121749,2073691881
2549194278,40619706
1131833396,1972427274
1131833396,1997575625
2291893983,2093468690
2555995494,2329953718
2043429375,2026881849
2043429375,2050858061
189802469,2094008368
2522192926,1497594539
